{
  "win_5m": {
    "label": "win_5m",
    "auc": NaN,
    "brier": 9.992010452126626e-31,
    "precision@0.5": 0.0,
    "recall@0.5": 0.0,
    "f1@0.5": 0.0,
    "best_f1_threshold": 0.1,
    "precision@best": 0.0,
    "recall@best": 0.0,
    "f1@best": 0.0,
    "cv_auc_mean": NaN,
    "cv_auc_std": NaN,
    "train_rows": 84,
    "test_rows": 22,
    "features": 15
  },
  "win_30m": {
    "label": "win_30m",
    "auc": 0.5,
    "brier": 0.24285317458245687,
    "precision@0.5": 0.0,
    "recall@0.5": 0.0,
    "f1@0.5": 0.0,
    "best_f1_threshold": 0.1,
    "precision@best": 0.4090909090909091,
    "recall@best": 1.0,
    "f1@best": 0.5806451612903226,
    "cv_auc_mean": 0.5139120119898573,
    "cv_auc_std": 0.05755741347969137,
    "train_rows": 84,
    "test_rows": 22,
    "features": 15
  }
}