{
  "tickSize": {
    "ES": 0.25,
    "MES": 0.25,
    "NQ": 0.25,
    "MNQ": 0.25,
    "GC": 0.10,
    "MGC": 0.10,
    "6E": 0.00005,
    "M6E": 0.0001,
    "6J": 0.0000005,
    "6JZ5": 0.0000005,
    "M2K": 0.10,
    "MBT": 5
  },
  "slipAvg": {
    "entry": {
      "ES": 0.35,
      "MES": 0.25,
      "NQ": 0.85,
      "MNQ": 0.65,
      "GC": 0.80,
      "MGC": 1.05,
      "6E": 0.30,
      "M6E": 0.35,
      "6J": 0.30,
      "6JZ5": 0.30,
      "M2K": 0.75,
      "MBT": 1.0
    },
    "tp": {
      "ES": 0.20,
      "MES": 0.15,
      "NQ": 0.55,
      "MNQ": 0.40,
      "GC": 0.45,
      "MGC": 0.60,
      "6E": 0.15,
      "M6E": 0.20,
      "6J": 0.15,
      "6JZ5": 0.15,
      "M2K": 0.40,
      "MBT": 0.5
    },
    "stop": {
      "ES": 0.60,
      "MES": 0.50,
      "NQ": 1.40,
      "MNQ": 1.00,
      "GC": 1.20,
      "MGC": 1.60,
      "6E": 0.40,
      "M6E": 0.50,
      "6J": 0.40,
      "6JZ5": 0.40,
      "M2K": 1.00,
      "MBT": 1.5
    }
  },
  "avgSpreadTicks": {
    "ES": 1,
    "MES": 1,
    "NQ": 1,
    "MNQ": 1,
    "GC": 1,
    "MGC": 1,
    "6E": 1,
    "M6E": 1,
    "6J": 1,
    "6JZ5": 1,
    "M2K": 1,
    "MBT": 1
  },
  "feesPerSideUSD": {
    "ES": 1.40,
    "MES": 0.37,
    "NQ": 1.40,
    "MNQ": 0.37,
    "GC": 2.40,
    "MGC": 0.86,
    "6E": 1.62,
    "M6E": 0.35,
    "6J": 1.62,
    "6JZ5": 1.62,
    "M2K": 0.37,
    "MBT": 0.35
  },
  "p_tp_passive": {
    "ES": 0.85,
    "MES": 0.90,
    "NQ": 0.65,
    "MNQ": 0.70,
    "GC": 0.60,
    "MGC": 0.45,
    "6E": 0.90,
    "M6E": 0.85,
    "6J": 0.90,
    "6JZ5": 0.90,
    "M2K": 0.70,
    "MBT": 0.70
  }
}
