{"learner":{"attributes":{"best_iteration":"0","best_score":"0.7053613914893224"},"feature_names":[],"feature_types":[],"gradient_booster":{"model":{"cats":{"enc":[],"feature_segments":[],"sorted_idx":[]},"gbtree_model_param":{"num_parallel_tree":"1","num_trees":"21"},"iteration_indptr":[0,1,2,3,4,5,6,7,8,9,10,11,12,13,14,15,16,17,18,19,20,21],"tree_info":[0,0,0,0,0,0,0,0,0,0,0,0,0,0,0,0,0,0,0,0,0],"trees":[{"base_weights":[-2.386787E-2,1.5995002E-1,-1.9912176E0,-3.571419E-2,-2.1372831E-1],"categories":[],"categories_nodes":[],"categories_segments":[],"categories_sizes":[],"default_left":[0,0,0,0,0],"id":0,"left_children":[1,-1,3,-1,-1],"loss_changes":[8.273501E1,0E0,1.7866898E0,0E0,0E0],"parents":[2147483647,0,0,2,2],"right_children":[2,-1,4,-1,-1],"split_conditions":[7.5797415E-1,1.5995002E-1,-7.714617E-2,-3.571419E-2,-2.1372831E-1],"split_indices":[185,0,154,0,0],"split_type":[0,0,0,0,0],"sum_hessian":[2.3895908E1,1.3167133E1,1.0728775E1,1.219179E0,9.509597E0],"tree_param":{"num_deleted":"0","num_feature":"224","num_nodes":"5","size_leaf_vector":"1"}},{"base_weights":[-7.149759E-2,1.4890355E-1,-1.7784039E0,-2.9576806E-2,-1.9122164E-1],"categories":[],"categories_nodes":[],"categories_segments":[],"categories_sizes":[],"default_left":[0,0,0,0,0],"id":1,"left_children":[1,-1,3,-1,-1],"loss_changes":[6.661167E1,0E0,1.5844307E0,0E0,0E0],"parents":[2147483647,0,0,2,2],"right_children":[2,-1,4,-1,-1],"split_conditions":[7.5797415E-1,1.4890355E-1,8.9368105E-1,-2.9576806E-2,-1.9122164E-1],"split_indices":[185,0,157,0,0],"split_type":[0,0,0,0,0],"sum_hessian":[2.3002335E1,1.2052465E1,1.0949869E1,1.2340698E0,9.715799E0],"tree_param":{"num_deleted":"0","num_feature":"224","num_nodes":"5","size_leaf_vector":"1"}},{"base_weights":[-1.2152194E-2,1.3456616E0,-1.5915848E0,3.3959277E-2,1.4084114E-1,-1.7125474E-1,-2.8909689E-2],"categories":[],"categories_nodes":[],"categories_segments":[],"categories_sizes":[],"default_left":[0,0,0,0,0,0,0],"id":2,"left_children":[1,3,5,-1,-1,-1,-1],"loss_changes":[5.0616062E1,1.458931E-1,1.0277004E0,0E0,0E0,0E0,0E0],"parents":[2147483647,0,0,1,1,2,2],"right_children":[2,4,6,-1,-1,-1,-1],"split_conditions":[-9.464375E-2,1.1536186E0,1.1722884E0,3.3959277E-2,1.4084114E-1,-1.7125474E-1,-2.8909689E-2],"split_indices":[154,15,130,0,0,0,0],"split_type":[0,0,0,0,0,0,0],"sum_hessian":[2.1591763E1,1.1655987E1,9.935777E0,1.1543148E0,1.0501673E1,8.733124E0,1.2026521E0],"tree_param":{"num_deleted":"0","num_feature":"224","num_nodes":"7","size_leaf_vector":"1"}},{"base_weights":[1.5697792E-2,1.3594805E-1,-1.5051955E0,-1.8031105E-2,-1.6310667E-1],"categories":[],"categories_nodes":[],"categories_segments":[],"categories_sizes":[],"default_left":[0,0,0,0,0],"id":3,"left_children":[1,-1,3,-1,-1],"loss_changes":[5.1615032E1,0E0,1.4959488E0,0E0,0E0],"parents":[2147483647,0,0,2,2],"right_children":[2,-1,4,-1,-1],"split_conditions":[7.5797415E-1,1.3594805E-1,-5.204821E-1,-1.8031105E-2,-1.6310667E-1],"split_indices":[185,0,140,0,0],"split_type":[0,0,0,0,0],"sum_hessian":[2.326095E1,1.2440791E1,1.0820158E1,1.2187636E0,9.601395E0],"tree_param":{"num_deleted":"0","num_feature":"224","num_nodes":"5","size_leaf_vector":"1"}},{"base_weights":[-3.4660574E-2,-1.5227883E-1,1.1937797E0,1.3094325E-1,-0E0],"categories":[],"categories_nodes":[],"categories_segments":[],"categories_sizes":[],"default_left":[0,0,0,0,0],"id":4,"left_children":[1,-1,3,-1,-1],"loss_changes":[4.4793392E1,0E0,1.9735527E0,0E0,0E0],"parents":[2147483647,0,0,2,2],"right_children":[2,-1,4,-1,-1],"split_conditions":[1.6721381E-1,-1.5227883E-1,8.991117E-1,1.3094325E-1,-0E0],"split_indices":[173,0,160,0,0],"split_type":[0,0,0,0,0],"sum_hessian":[2.2490612E1,1.0098782E1,1.239183E1,1.128171E1,1.1101209E0],"tree_param":{"num_deleted":"0","num_feature":"224","num_nodes":"5","size_leaf_vector":"1"}},{"base_weights":[-7.5932457E-3,1.1967267E0,-1.3798413E-1,1.2569356E-1,2.0722708E-2],"categories":[],"categories_nodes":[],"categories_segments":[],"categories_sizes":[],"default_left":[0,0,0,0,0],"id":5,"left_children":[1,3,-1,-1,-1],"loss_changes":[3.9657284E1,3.520584E-1,0E0,0E0,0E0],"parents":[2147483647,0,0,1,1],"right_children":[2,4,-1,-1,-1],"split_conditions":[9.3005717E-1,1.5374783E0,-1.3798413E-1,1.2569356E-1,2.0722708E-2],"split_indices":[185,67,0,0,0],"split_type":[0,0,0,0,0],"sum_hessian":[2.1986258E1,1.1738918E1,1.0247339E1,1.0715563E1,1.023355E0],"tree_param":{"num_deleted":"0","num_feature":"224","num_nodes":"5","size_leaf_vector":"1"}},{"base_weights":[-1.4783669E-2,1.2112506E-1,-1.2832601E0,-1.3725938E-1,-1.8085495E-2],"categories":[],"categories_nodes":[],"categories_segments":[],"categories_sizes":[],"default_left":[0,0,0,0,0],"id":6,"left_children":[1,-1,3,-1,-1],"loss_changes":[3.408492E1,0E0,6.604233E-1,0E0,0E0],"parents":[2147483647,0,0,2,2],"right_children":[2,-1,4,-1,-1],"split_conditions":[1.5391925E-1,1.2112506E-1,5.2665424E-1,-1.3725938E-1,-1.8085495E-2],"split_indices":[157,0,26,0,0],"split_type":[0,0,0,0,0],"sum_hessian":[1.991272E1,1.0108613E1,9.804108E0,8.758555E0,1.0455519E0],"tree_param":{"num_deleted":"0","num_feature":"224","num_nodes":"5","size_leaf_vector":"1"}},{"base_weights":[3.9232604E-2,1.1016744E0,-1.2136491E-1,2.0486733E-2,1.163459E-1],"categories":[],"categories_nodes":[],"categories_segments":[],"categories_sizes":[],"default_left":[0,0,0,0,0],"id":7,"left_children":[1,3,-1,-1,-1],"loss_changes":[2.6178713E1,2.1605778E-1,0E0,0E0,0E0],"parents":[2147483647,0,0,1,1],"right_children":[2,4,-1,-1,-1],"split_conditions":[9.3005717E-1,-7.69117E-1,-1.2136491E-1,2.0486733E-2,1.163459E-1],"split_indices":[185,178,0,0,0],"split_type":[0,0,0,0,0],"sum_hessian":[1.7670729E1,9.6705885E0,8.00014E0,1.0057929E0,8.664795E0],"tree_param":{"num_deleted":"0","num_feature":"224","num_nodes":"5","size_leaf_vector":"1"}},{"base_weights":[2.576367E-2,-1.232781E-1,1.02712E0,-4.200391E-3,1.1497281E-1],"categories":[],"categories_nodes":[],"categories_segments":[],"categories_sizes":[],"default_left":[0,0,0,0,0],"id":8,"left_children":[1,-1,3,-1,-1],"loss_changes":[2.4944057E1,0E0,1.6091118E0,0E0,0E0],"parents":[2147483647,0,0,2,2],"right_children":[2,-1,4,-1,-1],"split_conditions":[1.6721381E-1,-1.232781E-1,-7.5796366E-1,-4.200391E-3,1.1497281E-1],"split_indices":[173,0,149,0,0],"split_type":[0,0,0,0,0],"sum_hessian":[1.7804506E1,7.7424765E0,1.0062031E1,1.0189292E0,9.043101E0],"tree_param":{"num_deleted":"0","num_feature":"224","num_nodes":"5","size_leaf_vector":"1"}},{"base_weights":[5.455899E-3,1.0430908E0,-1.1391977E-1,1.6457379E-2,1.1089211E-1],"categories":[],"categories_nodes":[],"categories_segments":[],"categories_sizes":[],"default_left":[0,0,0,0,0],"id":9,"left_children":[1,3,-1,-1,-1],"loss_changes":[2.3622488E1,2.9620457E-1,0E0,0E0,0E0],"parents":[2147483647,0,0,1,1],"right_children":[2,4,-1,-1,-1],"split_conditions":[9.3005717E-1,-4.126379E-1,-1.1391977E-1,1.6457379E-2,1.1089211E-1],"split_indices":[185,134,0,0,0],"split_type":[0,0,0,0,0],"sum_hessian":[1.7896353E1,9.479356E0,8.416998E0,1.0106792E0,8.468677E0],"tree_param":{"num_deleted":"0","num_feature":"224","num_nodes":"5","size_leaf_vector":"1"}},{"base_weights":[2.061446E-2,1.0916414E-1,-1.0980582E0,-2.611391E-2,-1.1554401E-1],"categories":[],"categories_nodes":[],"categories_segments":[],"categories_sizes":[],"default_left":[0,0,0,0,0],"id":10,"left_children":[1,-1,3,-1,-1],"loss_changes":[2.2961971E1,0E0,5.0468445E-3,0E0,0E0],"parents":[2147483647,0,0,2,2],"right_children":[2,-1,4,-1,-1],"split_conditions":[9.3005717E-1,1.0916414E-1,1.0001826E0,-2.611391E-2,-1.1554401E-1],"split_indices":[185,0,157,0,0],"split_type":[0,0,0,0,0],"sum_hessian":[1.7164934E1,8.827227E0,8.337708E0,1.0029671E0,7.3347406E0],"tree_param":{"num_deleted":"0","num_feature":"224","num_nodes":"5","size_leaf_vector":"1"}},{"base_weights":[-6.697576E-2,-1.0649538E0,1.0364752E-1,-1.1392947E-1,-2.1598702E-2],"categories":[],"categories_nodes":[],"categories_segments":[],"categories_sizes":[],"default_left":[0,0,0,0,0],"id":11,